{
  "timestamp": "2026-04-18T19:45:51",
  "device": "cpu",
  "n_scans": 240,
  "n_persons": 35,
  "champion_v4_wf1": 0.6886816442702501,
  "champion_v4_mf1": 0.554087346024636,
  "per_encoder": {
    "dinov2_90nm": {
      "mean_pool_v2": {
        "weighted_f1": 0.6162402773650563,
        "macro_f1": 0.4941352279564118,
        "per_class_f1": [
          0.8169014084507042,
          0.5106382978723404,
          0.5194805194805194,
          0.6236559139784946,
          0.0
        ]
      },
      "attention_trackA_head": {
        "weighted_f1": 0.465512323007277,
        "macro_f1": 0.3497395201435305,
        "per_class_f1": [
          0.654320987654321,
          0.08695652173913043,
          0.5416666666666666,
          0.4657534246575342,
          0.0
        ]
      },
      "attention_trackB_v2recipe": {
        "weighted_f1": 0.5946005025720158,
        "macro_f1": 0.47675003171137875,
        "per_class_f1": [
          0.7887323943661971,
          0.4489795918367347,
          0.5526315789473685,
          0.5934065934065934,
          0.0
        ]
      }
    },
    "dinov2_45nm": {
      "mean_pool_v2": {
        "weighted_f1": 0.6543959388869252,
        "macro_f1": 0.5185960881347944,
        "per_class_f1": [
          0.8472222222222222,
          0.5,
          0.5609756097560976,
          0.6847826086956522,
          0.0
        ]
      },
      "attention_trackA_head": {
        "weighted_f1": 0.4804150710400711,
        "macro_f1": 0.3458932295774401,
        "per_class_f1": [
          0.7151515151515152,
          0.0,
          0.5274725274725275,
          0.4868421052631579,
          0.0
        ]
      },
      "attention_trackB_v2recipe": {
        "weighted_f1": 0.6236334008884238,
        "macro_f1": 0.46709455072152267,
        "per_class_f1": [
          0.7947019867549668,
          0.2727272727272727,
          0.5633802816901409,
          0.7046632124352331,
          0.0
        ]
      }
    },
    "biomedclip_90nm": {
      "mean_pool_v2": {
        "weighted_f1": 0.5694456010577379,
        "macro_f1": 0.41998818015834355,
        "per_class_f1": [
          0.7862068965517242,
          0.24489795918367346,
          0.4411764705882353,
          0.6276595744680851,
          0.0
        ]
      },
      "attention_trackA_head": {
        "weighted_f1": 0.5273797738106383,
        "macro_f1": 0.36789008106093163,
        "per_class_f1": [
          0.7558139534883721,
          0.05555555555555555,
          0.43037974683544306,
          0.5977011494252874,
          0.0
        ]
      },
      "attention_trackB_v2recipe": {
        "weighted_f1": 0.581665942219535,
        "macro_f1": 0.4358871949410732,
        "per_class_f1": [
          0.8028169014084507,
          0.3137254901960784,
          0.4307692307692308,
          0.6321243523316062,
          0.0
        ]
      }
    }
  },
  "ensemble": {
    "mean_pool_3tiled": {
      "weighted_f1": 0.6694558961890299,
      "macro_f1": 0.5315574713525287,
      "per_class_f1": [
        0.8767123287671232,
        0.5106382978723404,
        0.5789473684210527,
        0.6914893617021277,
        0.0
      ]
    },
    "attention_trackA_head": {
      "weighted_f1": 0.47577415599352935,
      "macro_f1": 0.3460189154936228,
      "per_class_f1": [
        0.703030303030303,
        0.04878048780487805,
        0.4946236559139785,
        0.48366013071895425,
        0.0
      ]
    },
    "attention_trackB_v2recipe": {
      "weighted_f1": 0.6535650623885918,
      "macro_f1": 0.5019251336898396,
      "per_class_f1": [
        0.8235294117647058,
        0.4,
        0.5588235294117647,
        0.7272727272727273,
        0.0
      ]
    },
    "v4style_attention_trackA": {
      "weighted_f1": 0.6197407106782106,
      "macro_f1": 0.49267223252937536,
      "per_class_f1": [
        0.8163265306122449,
        0.375,
        0.5714285714285714,
        0.64,
        0.06060606060606061
      ]
    },
    "v4style_attention_trackB": {
      "weighted_f1": 0.6618141206453494,
      "macro_f1": 0.5147239698671789,
      "per_class_f1": [
        0.8496732026143791,
        0.42857142857142855,
        0.5833333333333334,
        0.7120418848167539,
        0.0
      ]
    }
  },
  "bootstrap_vs_v4": {
    "mean_pool_3tiled": {
      "mean": -0.01964179218959093,
      "ci_lo": -0.04584301026154683,
      "ci_hi": 0.006014611895565375,
      "p_positive": 0.08
    },
    "attention_trackA_head": {
      "mean": -0.21286943498152003,
      "ci_lo": -0.27692078431797695,
      "ci_hi": -0.15292423294253552,
      "p_positive": 0.0
    },
    "attention_trackB_v2recipe": {
      "mean": -0.035521746815804896,
      "ci_lo": -0.07716474225682411,
      "ci_hi": 0.0058283271959499216,
      "p_positive": 0.05
    },
    "v4style_attention_trackA": {
      "mean": -0.0699628185393816,
      "ci_lo": -0.11842322805899558,
      "ci_hi": -0.02315908275787342,
      "p_positive": 0.003
    },
    "v4style_attention_trackB": {
      "mean": -0.027164636644783188,
      "ci_lo": -0.0637330906524675,
      "ci_hi": 0.006846194653797757,
      "p_positive": 0.052
    }
  },
  "decision": {
    "best_config": "v4style_attention_trackB",
    "best_wf1": 0.6618141206453494,
    "delta_vs_v4": -0.026867523624900747,
    "ship_as_v5": false,
    "criterion": "\u0394 \u2265 0.005 AND P(\u0394>0) > 0.95"
  },
  "hyperparams": {
    "hidden_dim": 64,
    "dropout": 0.3,
    "lr": 0.0005,
    "weight_decay": 0.0001,
    "max_epochs": 30,
    "patience": 8,
    "batch_size": 32,
    "val_frac_inner": 0.15,
    "optimizer": "AdamW"
  },
  "elapsed_s": 69.1
}