{
  "concat_l2_fixed_C1": [
    0.6524223976336653,
    0.5330875509467059
  ],
  "concat_l2_nested_C": [
    0.6562095139469071,
    0.538187254060259
  ],
  "best_Cs": [
    0.3,
    0.3,
    1.0,
    1.0,
    0.3,
    10.0,
    10.0,
    10.0,
    10.0,
    0.3,
    0.3,
    10.0,
    0.3,
    1.0,
    10.0,
    0.3,
    0.3,
    0.3,
    10.0,
    10.0,
    10.0,
    10.0,
    1.0,
    1.0,
    10.0,
    0.1,
    1.0,
    1.0,
    0.3,
    1.0,
    10.0,
    0.1,
    3.0,
    1.0,
    10.0
  ],
  "late_fusion_geom_mean": [
    0.6562095139469071,
    0.538187254060259
  ]
}