{
  "results": {
    "D+B (geom)": [
      0.6562095139469071,
      0.538187254060259
    ],
    "D+B+TDA (geom)": [
      0.6084961685823754,
      0.48785355470412944
    ],
    "D+B+HC (geom)": [
      0.6247467728444419,
      0.49415805077219066
    ],
    "D+B+TDA+HC (geom)": [
      0.6134947267497602,
      0.490694695974338
    ],
    "D+B (arith)": [
      0.6428124058040007,
      0.5139353360947794
    ],
    "D+B+TDA (arith)": [
      0.6208016320414037,
      0.4913819816516103
    ],
    "D+B+HC (arith)": [
      0.6110855525974531,
      0.47997465411818097
    ],
    "D+B+TDA+HC (arith)": [
      0.6181853492090499,
      0.4909411564536816
    ]
  },
  "best": "D+B (geom)"
}