{
  "v4_baseline": {
    "weighted_f1": 0.6887,
    "macro_f1": 0.5541,
    "sucheoko_f1": 0.0
  },
  "per_encoder_lopo": {
    "dinov2_90nm": {
      "weighted_f1": 0.6162402773650563,
      "macro_f1": 0.4941352279564118,
      "per_class_f1": [
        0.8169014084507042,
        0.5106382978723404,
        0.5194805194805194,
        0.6236559139784946,
        0.0
      ]
    },
    "dinov2_45nm": {
      "weighted_f1": 0.6543959388869252,
      "macro_f1": 0.5185960881347944,
      "per_class_f1": [
        0.8472222222222222,
        0.5,
        0.5609756097560976,
        0.6847826086956522,
        0.0
      ]
    },
    "biomedclip_tta": {
      "weighted_f1": 0.6219786032707835,
      "macro_f1": 0.4914648890950904,
      "per_class_f1": [
        0.8082191780821918,
        0.3673469387755102,
        0.5675675675675675,
        0.655367231638418,
        0.058823529411764705
      ]
    }
  },
  "strategies": {
    "geom_mean_v4": {
      "weighted_f1": 0.6886816442702501,
      "macro_f1": 0.554087346024636,
      "per_class_f1": [
        0.9166666666666666,
        0.5833333333333334,
        0.5789473684210527,
        0.6914893617021277,
        0.0
      ]
    },
    "A_max_pool": {
      "weighted_f1": 0.6617260373640834,
      "macro_f1": 0.524769093303903,
      "per_class_f1": [
        0.8951048951048951,
        0.5106382978723404,
        0.547945205479452,
        0.6701570680628273,
        0.0
      ]
    },
    "B_hybrid_majority_geom_minority_max": {
      "weighted_f1": 0.6690206020028249,
      "macro_f1": 0.5436867537091501,
      "per_class_f1": [
        0.9078014184397163,
        0.5833333333333334,
        0.5789473684210527,
        0.6483516483516484,
        0.0
      ]
    },
    "C_learnable_nested_lopo": {
      "weighted_f1": 0.5676298291495286,
      "macro_f1": 0.4601754148710304,
      "per_class_f1": [
        0.8450704225352113,
        0.38461538461538464,
        0.5813953488372093,
        0.4897959183673469,
        0.0
      ]
    },
    "D_noisy_or": {
      "weighted_f1": 0.6857635000622122,
      "macro_f1": 0.554441955953714,
      "per_class_f1": [
        0.9166666666666666,
        0.5957446808510638,
        0.5789473684210527,
        0.6808510638297872,
        0.0
      ]
    },
    "E_rank_vote": {
      "weighted_f1": 0.6706319123585917,
      "macro_f1": 0.5398810075309508,
      "per_class_f1": [
        0.8707482993197279,
        0.5652173913043478,
        0.5789473684210527,
        0.6844919786096256,
        0.0
      ]
    }
  },
  "n_persons": 35,
  "n_scans": 240,
  "classes": [
    "ZdraviLudia",
    "Diabetes",
    "PGOV_Glaukom",
    "SklerozaMultiplex",
    "SucheOko"
  ],
  "elapsed_s": 143.7,
  "v5_candidate": null
}