{
  "dinov2_s": {
    "LR": {
      "weighted_f1": 0.6003687641271535,
      "macro_f1": 0.488233834811016,
      "per_class_f1": [
        0.8322147651006712,
        0.5,
        0.4594594594594595,
        0.5888888888888889,
        0.06060606060606061
      ]
    },
    "XGB": {
      "weighted_f1": 0.5362520458265139,
      "macro_f1": 0.3905255501000182,
      "per_class_f1": [
        0.7564102564102564,
        0.16666666666666666,
        0.4444444444444444,
        0.5851063829787234,
        0.0
      ]
    }
  },
  "dinov2_s+dinov2_b": {
    "LR": {
      "weighted_f1": 0.5946832461651392,
      "macro_f1": 0.47218850999060846,
      "per_class_f1": [
        0.8194444444444444,
        0.48,
        0.4657534246575342,
        0.5957446808510638,
        0.0
      ]
    },
    "XGB": {
      "weighted_f1": 0.5424713172142167,
      "macro_f1": 0.38561369711187987,
      "per_class_f1": [
        0.7453416149068323,
        0.10526315789473684,
        0.45714285714285713,
        0.6203208556149733,
        0.0
      ]
    }
  },
  "dinov2_s+biomedclip": {
    "LR": {
      "weighted_f1": 0.6286473593042212,
      "macro_f1": 0.48886633959953807,
      "per_class_f1": [
        0.8456375838926175,
        0.375,
        0.5753424657534246,
        0.6483516483516484,
        0.0
      ]
    },
    "XGB": {
      "weighted_f1": 0.5799700956937799,
      "macro_f1": 0.4120637958532695,
      "per_class_f1": [
        0.8181818181818182,
        0.15789473684210525,
        0.42424242424242425,
        0.66,
        0.0
      ]
    }
  },
  "dinov2_s+dinov2_b+biomedclip": {
    "LR": {
      "weighted_f1": 0.6388384556432934,
      "macro_f1": 0.507465401192466,
      "per_class_f1": [
        0.8767123287671232,
        0.4782608695652174,
        0.547945205479452,
        0.6344086021505376,
        0.0
      ]
    },
    "XGB": {
      "weighted_f1": 0.5561887826963204,
      "macro_f1": 0.3821687660883641,
      "per_class_f1": [
        0.7692307692307693,
        0.05405405405405406,
        0.42424242424242425,
        0.6633165829145728,
        0.0
      ]
    }
  },
  "dinov2_s+dinov2_b+biomedclip+handcrafted": {
    "LR": {
      "weighted_f1": 0.6473764233954451,
      "macro_f1": 0.5190205067534259,
      "per_class_f1": [
        0.8843537414965986,
        0.5416666666666666,
        0.5277777777777778,
        0.6413043478260869,
        0.0
      ]
    },
    "XGB": {
      "weighted_f1": 0.5888469556083102,
      "macro_f1": 0.4152465693674925,
      "per_class_f1": [
        0.7898089171974523,
        0.10810810810810811,
        0.48484848484848486,
        0.6934673366834171,
        0.0
      ]
    }
  },
  "dinov2_s+dinov2_b+biomedclip+handcrafted|TUNED": {
    "LR_tuned": {
      "weighted_f1": 0.6877917092625663,
      "macro_f1": 0.5621775427687303,
      "per_class_f1": [
        0.9051094890510949,
        0.64,
        0.5853658536585366,
        0.6804123711340206,
        0.0
      ]
    }
  },
  "dinov2_s+dinov2_b+biomedclip+handcrafted|MLP": {
    "MLP": {
      "weighted_f1": 0.5123920503294062,
      "macro_f1": 0.38074811595312413,
      "per_class_f1": [
        0.7733333333333333,
        0.13953488372093023,
        0.4878048780487805,
        0.5030674846625767,
        0.0
      ]
    }
  },
  "dinov2_s+dinov2_b+biomedclip+handcrafted|MLP+TUNED": {
    "MLP_tuned": {
      "weighted_f1": 0.6375887860525182,
      "macro_f1": 0.4991447840436217,
      "per_class_f1": [
        0.8,
        0.5,
        0.4927536231884058,
        0.7029702970297029,
        0.0
      ]
    }
  },
  "dinov2_s+dinov2_b+biomedclip+handcrafted|AVG3": {
    "AVG3": {
      "weighted_f1": 0.6042497615134758,
      "macro_f1": 0.4559517615850012,
      "per_class_f1": [
        0.8461538461538461,
        0.2926829268292683,
        0.5070422535211268,
        0.6338797814207651,
        0.0
      ]
    }
  },
  "dinov2_s+dinov2_b+biomedclip+handcrafted|AVG3+TUNED": {
    "AVG3_tuned": {
      "weighted_f1": 0.6581770402558879,
      "macro_f1": 0.5132035462433826,
      "per_class_f1": [
        0.8652482269503546,
        0.5217391304347826,
        0.46875,
        0.7102803738317757,
        0.0
      ]
    }
  }
}