{
  "v4_reference": {
    "weighted_f1": 0.6887,
    "macro_f1": 0.5541
  },
  "n_scans": 240,
  "n_persons": 35,
  "per_model": {
    "v4_multiscale": {
      "weighted_f1": 0.6886816442702501,
      "macro_f1": 0.554087346024636,
      "per_class_f1": [
        0.9166666666666666,
        0.5833333333333334,
        0.5789473684210527,
        0.6914893617021277,
        0.0
      ]
    },
    "v2_2comp": {
      "weighted_f1": 0.6346264315190584,
      "macro_f1": 0.493392425463336,
      "per_class_f1": [
        0.8493150684931506,
        0.4090909090909091,
        0.5454545454545454,
        0.6631016042780749,
        0.0
      ]
    },
    "cascade_stage1": {
      "weighted_f1": 0.6346264315190584,
      "macro_f1": 0.493392425463336,
      "per_class_f1": [
        0.8493150684931506,
        0.4090909090909091,
        0.5454545454545454,
        0.6631016042780749,
        0.0
      ]
    },
    "cascade_stacker_blend": {
      "weighted_f1": 0.645082399428704,
      "macro_f1": 0.5032561276682218,
      "per_class_f1": [
        0.8648648648648649,
        0.42857142857142855,
        0.5526315789473685,
        0.6702127659574468,
        0.0
      ]
    },
    "mcv2_dinov2_height": {
      "weighted_f1": 0.6463171818434977,
      "macro_f1": 0.5373309464136532,
      "per_class_f1": [
        0.8707482993197279,
        0.72,
        0.47368421052631576,
        0.6222222222222222,
        0.0
      ]
    },
    "mcv2_dinov2_rgb": {
      "weighted_f1": 0.619244771791354,
      "macro_f1": 0.5178799065303065,
      "per_class_f1": [
        0.8211920529801324,
        0.6511627906976745,
        0.4383561643835616,
        0.6120218579234973,
        0.06666666666666667
      ]
    },
    "mcv2_biomedclip_tta": {
      "weighted_f1": 0.6219786032707835,
      "macro_f1": 0.4914648890950904,
      "per_class_f1": [
        0.8082191780821918,
        0.3673469387755102,
        0.5675675675675675,
        0.655367231638418,
        0.058823529411764705
      ]
    }
  },
  "strategies": {
    "S1_uniform_mean": {
      "weighted_f1": 0.6625813886544847,
      "macro_f1": 0.5309454070352816,
      "per_class_f1": [
        0.8859060402684564,
        0.5652173913043478,
        0.5333333333333333,
        0.6702702702702703,
        0.0
      ]
    },
    "S2_geometric_mean": {
      "weighted_f1": 0.6685088707722902,
      "macro_f1": 0.5376314804617349,
      "per_class_f1": [
        0.9006622516556292,
        0.5909090909090909,
        0.5263157894736842,
        0.6702702702702703,
        0.0
      ]
    },
    "S3_f1_weighted_mean": {
      "weighted_f1": 0.6671571080196607,
      "macro_f1": 0.5335723942736565,
      "per_class_f1": [
        0.8918918918918919,
        0.5652173913043478,
        0.5333333333333333,
        0.6774193548387096,
        0.0
      ]
    },
    "S4_rank_vote": {
      "weighted_f1": 0.6528712437269485,
      "macro_f1": 0.5112352621077454,
      "per_class_f1": [
        0.8859060402684564,
        0.45454545454545453,
        0.5454545454545454,
        0.6702702702702703,
        0.0
      ]
    },
    "S5_meta_lr_nested_probs": {
      "weighted_f1": 0.6132140052403391,
      "macro_f1": 0.5378301211957652,
      "per_class_f1": [
        0.8611111111111112,
        0.6274509803921569,
        0.5581395348837209,
        0.52,
        0.12244897959183673
      ]
    },
    "S5_meta_lr_INSAMPLE_leaky": {
      "weighted_f1": 0.7317164035886174,
      "macro_f1": 0.6942063854434327,
      "per_class_f1": [
        0.9130434782608695,
        0.7692307692307693,
        0.6265060240963856,
        0.6622516556291391,
        0.5
      ]
    },
    "S6_meta_lr_nested_onehot": {
      "weighted_f1": 0.5723930078360457,
      "macro_f1": 0.5001931522365519,
      "per_class_f1": [
        0.8707482993197279,
        0.5333333333333333,
        0.5384615384615384,
        0.4430379746835443,
        0.11538461538461539
      ]
    }
  }
}