{
  "metrics": {
    "scan": {
      "n": 240,
      "top1_acc": 0.6958333333333333,
      "top2_acc": 0.8791666666666667,
      "top3_acc": 0.9583333333333334,
      "weighted_f1": 0.6886816442702501,
      "macro_f1": 0.554087346024636,
      "per_class_f1": [
        0.9166666666666666,
        0.5833333333333334,
        0.5789473684210527,
        0.6914893617021277,
        0.0
      ],
      "ece_pre": 0.20213224443275485,
      "ece_post": 0.1162677975954162,
      "brier_pre": 0.10692499700863163,
      "brier_post": 0.09943555081498753
    },
    "patient": {
      "n": 35,
      "top1_acc": 0.8285714285714286,
      "top2_acc": 0.9142857142857143,
      "top3_acc": 0.9142857142857143,
      "weighted_f1": 0.8011411016019311,
      "macro_f1": 0.63926267281106,
      "per_class_f1": [
        0.967741935483871,
        0.6666666666666666,
        0.8,
        0.7619047619047619,
        0.0
      ],
      "ece_pre": 0.13128480143717344,
      "ece_post": 0.1858014232376054,
      "brier_pre": 0.06456042304727277,
      "brier_post": 0.08472552130396409,
      "scans_per_patient": {
        "min": 1,
        "median": 6,
        "max": 22
      }
    }
  },
  "bootstrap_scan": {
    "point": 0.6886816442702501,
    "mean": 0.6933169074644665,
    "std": 0.06419955731628758,
    "ci_lo": 0.5616338186524971,
    "ci_hi": 0.8079378827144263,
    "n_boot": 1000,
    "average": "weighted"
  },
  "bootstrap_patient": {
    "point": 0.8011411016019311,
    "mean": 0.804942377978439,
    "std": 0.0715987237023628,
    "ci_lo": 0.6610254515599344,
    "ci_hi": 0.9347619047619048,
    "n_boot": 1000,
    "average": "weighted"
  },
  "platt_info": {
    "n_calib_folds": 35
  },
  "classes": [
    "ZdraviLudia",
    "Diabetes",
    "PGOV_Glaukom",
    "SklerozaMultiplex",
    "SucheOko"
  ]
}