{
  "hypothesis": "multi-scale tile structure helps classification",
  "person_lopo": true,
  "n_persons": 35,
  "n_scans": 240,
  "champions": {
    "v2": 0.6562,
    "E7": 0.6645
  },
  "per_member": {
    "dinov2_90nm": {
      "weighted_f1": 0.6162402773650563,
      "macro_f1": 0.4941352279564118,
      "per_class_f1": [
        0.8169014084507042,
        0.5106382978723404,
        0.5194805194805194,
        0.6236559139784946,
        0.0
      ]
    },
    "dinov2_45nm": {
      "weighted_f1": 0.6543959388869252,
      "macro_f1": 0.5185960881347944,
      "per_class_f1": [
        0.8472222222222222,
        0.5,
        0.5609756097560976,
        0.6847826086956522,
        0.0
      ]
    },
    "biomedclip_tta_90nm": {
      "weighted_f1": 0.6219786032707835,
      "macro_f1": 0.4914648890950904,
      "per_class_f1": [
        0.8082191780821918,
        0.3673469387755102,
        0.5675675675675675,
        0.655367231638418,
        0.058823529411764705
      ]
    }
  },
  "configs": {
    "A_dinov2_90nm": {
      "members": [
        "dinov2_90nm"
      ],
      "weighted_f1": 0.6162402773650563,
      "macro_f1": 0.4941352279564118,
      "per_class_f1": [
        0.8169014084507042,
        0.5106382978723404,
        0.5194805194805194,
        0.6236559139784946,
        0.0
      ]
    },
    "B_dinov2_45nm": {
      "members": [
        "dinov2_45nm"
      ],
      "weighted_f1": 0.6543959388869252,
      "macro_f1": 0.5185960881347944,
      "per_class_f1": [
        0.8472222222222222,
        0.5,
        0.5609756097560976,
        0.6847826086956522,
        0.0
      ]
    },
    "C_dinov2_90+45": {
      "members": [
        "dinov2_90nm",
        "dinov2_45nm"
      ],
      "weighted_f1": 0.6427013418680085,
      "macro_f1": 0.5125129685129686,
      "per_class_f1": [
        0.8531468531468531,
        0.52,
        0.5333333333333333,
        0.656084656084656,
        0.0
      ]
    },
    "D_dinov2_90+45+biomedclip_tta": {
      "members": [
        "dinov2_90nm",
        "dinov2_45nm",
        "biomedclip_tta_90nm"
      ],
      "weighted_f1": 0.6886816442702501,
      "macro_f1": 0.554087346024636,
      "per_class_f1": [
        0.9166666666666666,
        0.5833333333333334,
        0.5789473684210527,
        0.6914893617021277,
        0.0
      ]
    }
  },
  "elapsed_s": 163.2
}