{
  "height": {
    "f1_macro": 0.4998146167557932,
    "f1_weighted": 0.6313275401069518,
    "per_class_f1": [
      0.84,
      0.5,
      0.5066666666666667,
      0.6524064171122995,
      0.0
    ],
    "n_scans": 240
  },
  "amplitude": {
    "f1_macro": 0.4575584800242334,
    "f1_weighted": 0.5757484601662685,
    "per_class_f1": [
      0.7945205479452054,
      0.45454545454545453,
      0.4657534246575342,
      0.572972972972973,
      0.0
    ],
    "n_scans": 240
  },
  "phase": {
    "f1_macro": 0.40376888789639365,
    "f1_weighted": 0.5863846800176441,
    "per_class_f1": [
      0.8235294117647058,
      0.0,
      0.5714285714285714,
      0.5698324022346368,
      0.05405405405405406
    ],
    "n_scans": 227
  },
  "rgb": {
    "f1_macro": 0.5287631740185506,
    "f1_weighted": 0.6374962997003064,
    "per_class_f1": [
      0.8378378378378378,
      0.6341463414634146,
      0.47058823529411764,
      0.6387434554973822,
      0.0625
    ],
    "n_scans": 240
  },
  "concat_HAP": {
    "f1_macro": 0.37242504802211973,
    "f1_weighted": 0.5720124719460101,
    "per_class_f1": [
      0.847682119205298,
      0.0,
      0.4383561643835616,
      0.5760869565217391,
      0.0
    ],
    "n_scans": 227
  }
}