{
  "champion_v2_reported": 0.6562,
  "person_lopo": true,
  "n_persons": 35,
  "n_scans": 240,
  "phase_fallback_height_count": 13,
  "member_metrics": {
    "dinov2_tta_height": {
      "weighted_f1": 0.6463683624827679,
      "macro_f1": 0.5285851906161836,
      "per_class_f1": [
        0.8707482993197279,
        0.6382978723404256,
        0.5,
        0.6338797814207651,
        0.0
      ]
    },
    "biomedclip_tta_height": {
      "weighted_f1": 0.6219786032707835,
      "macro_f1": 0.4914648890950904,
      "per_class_f1": [
        0.8082191780821918,
        0.3673469387755102,
        0.5675675675675675,
        0.655367231638418,
        0.058823529411764705
      ]
    },
    "dinov2_height_pool": {
      "weighted_f1": 0.6463171818434977,
      "macro_f1": 0.5373309464136532,
      "per_class_f1": [
        0.8707482993197279,
        0.72,
        0.47368421052631576,
        0.6222222222222222,
        0.0
      ]
    },
    "dinov2_amp_pool": {
      "weighted_f1": 0.5395771152055803,
      "macro_f1": 0.4186860644462046,
      "per_class_f1": [
        0.7785234899328859,
        0.4,
        0.37142857142857144,
        0.5434782608695652,
        0.0
      ]
    },
    "dinov2_phase_pool": {
      "weighted_f1": 0.5710921229671229,
      "macro_f1": 0.49935556335556336,
      "per_class_f1": [
        0.7972972972972973,
        0.65,
        0.5194805194805194,
        0.48,
        0.05
      ]
    },
    "dinov2_rgb_pool": {
      "weighted_f1": 0.619244771791354,
      "macro_f1": 0.5178799065303065,
      "per_class_f1": [
        0.8211920529801324,
        0.6511627906976745,
        0.4383561643835616,
        0.6120218579234973,
        0.06666666666666667
      ]
    }
  },
  "ensembles": [
    {
      "label": "E1_champion_v2: dinov2_tta_H + biomedclip_tta_H",
      "members": [
        "dinov2_tta_height",
        "biomedclip_tta_height"
      ],
      "weighted_f1": 0.6562095139469071,
      "macro_f1": 0.538187254060259,
      "per_class_f1": [
        0.8689655172413793,
        0.5416666666666666,
        0.5641025641025641,
        0.651685393258427,
        0.06451612903225806
      ],
      "delta_vs_champ": 9.513946907069304e-06
    },
    {
      "label": "E2: dinov2_H_pool + dinov2_amp",
      "members": [
        "dinov2_height_pool",
        "dinov2_amp_pool"
      ],
      "weighted_f1": 0.5986567354214413,
      "macro_f1": 0.48103120035893143,
      "per_class_f1": [
        0.8163265306122449,
        0.5454545454545454,
        0.4444444444444444,
        0.5989304812834224,
        0.0
      ],
      "delta_vs_champ": -0.05754326457855874
    },
    {
      "label": "E3: dinov2_H_pool + dinov2_phase",
      "members": [
        "dinov2_height_pool",
        "dinov2_phase_pool"
      ],
      "weighted_f1": 0.6150809047213526,
      "macro_f1": 0.5253975669970031,
      "per_class_f1": [
        0.8421052631578947,
        0.6829268292682927,
        0.4722222222222222,
        0.5652173913043478,
        0.06451612903225806
      ],
      "delta_vs_champ": -0.04111909527864743
    },
    {
      "label": "E4: dinov2_H_pool + dinov2_amp + dinov2_phase",
      "members": [
        "dinov2_height_pool",
        "dinov2_amp_pool",
        "dinov2_phase_pool"
      ],
      "weighted_f1": 0.6025268817204302,
      "macro_f1": 0.49864516129032255,
      "per_class_f1": [
        0.84,
        0.6666666666666666,
        0.4166666666666667,
        0.5698924731182796,
        0.0
      ],
      "delta_vs_champ": -0.053673118279569776
    },
    {
      "label": "E5: dinov2_H_pool + dinov2_rgb",
      "members": [
        "dinov2_height_pool",
        "dinov2_rgb_pool"
      ],
      "weighted_f1": 0.6505860843628775,
      "macro_f1": 0.5521074384764957,
      "per_class_f1": [
        0.8496732026143791,
        0.7272727272727273,
        0.4657534246575342,
        0.6378378378378379,
        0.08
      ],
      "delta_vs_champ": -0.005613915637122546
    },
    {
      "label": "E6: dinov2_H_pool + dinov2_amp + biomedclip_tta_H",
      "members": [
        "dinov2_height_pool",
        "dinov2_amp_pool",
        "biomedclip_tta_height"
      ],
      "weighted_f1": 0.6390935415778983,
      "macro_f1": 0.5237168808091516,
      "per_class_f1": [
        0.8741721854304636,
        0.6511627906976745,
        0.47368421052631576,
        0.6195652173913043,
        0.0
      ],
      "delta_vs_champ": -0.017106458422101678
    },
    {
      "label": "E7: dinov2_H_pool + dinov2_rgb + biomedclip_tta_H",
      "members": [
        "dinov2_height_pool",
        "dinov2_rgb_pool",
        "biomedclip_tta_height"
      ],
      "weighted_f1": 0.6644625126646403,
      "macro_f1": 0.5434523085830076,
      "per_class_f1": [
        0.8843537414965986,
        0.6666666666666666,
        0.5066666666666667,
        0.6595744680851063,
        0.0
      ],
      "delta_vs_champ": 0.008262512664640287
    },
    {
      "label": "E8: dinov2_H_pool + dinov2_amp + dinov2_phase + biomedclip_tta_H",
      "members": [
        "dinov2_height_pool",
        "dinov2_amp_pool",
        "dinov2_phase_pool",
        "biomedclip_tta_height"
      ],
      "weighted_f1": 0.6454194426381865,
      "macro_f1": 0.5360547551616194,
      "per_class_f1": [
        0.8874172185430463,
        0.6976744186046512,
        0.4864864864864865,
        0.6086956521739131,
        0.0
      ],
      "delta_vs_champ": -0.010780557361813492
    }
  ],
  "best": {
    "label": "E7: dinov2_H_pool + dinov2_rgb + biomedclip_tta_H",
    "members": [
      "dinov2_height_pool",
      "dinov2_rgb_pool",
      "biomedclip_tta_height"
    ],
    "weighted_f1": 0.6644625126646403,
    "macro_f1": 0.5434523085830076,
    "per_class_f1": [
      0.8843537414965986,
      0.6666666666666666,
      0.5066666666666667,
      0.6595744680851063,
      0.0
    ],
    "delta_vs_champ": 0.008262512664640287
  },
  "next_champion_candidate": true,
  "elapsed_s": 8.6
}