{
  "n_scans": 240,
  "n_persons": 35,
  "classes": [
    "ZdraviLudia",
    "Diabetes",
    "PGOV_Glaukom",
    "SklerozaMultiplex",
    "SucheOko"
  ],
  "champions": {
    "v4_weighted_f1": 0.6887,
    "v4_macro_f1": 0.5541
  },
  "results": {
    "per_encoder": {
      "baseline_sqeuclid": {
        "dinov2_90nm": {
          "weighted_f1": 0.5284012045396561,
          "macro_f1": 0.4315237161947397,
          "per_class_f1": [
            0.726027397260274,
            0.38596491228070173,
            0.5591397849462365,
            0.4864864864864865,
            0.0
          ]
        },
        "dinov2_45nm": {
          "weighted_f1": 0.5144466305478168,
          "macro_f1": 0.41200190009115295,
          "per_class_f1": [
            0.7123287671232876,
            0.2909090909090909,
            0.5773195876288659,
            0.4794520547945205,
            0.0
          ]
        },
        "biomedclip_tta": {
          "weighted_f1": 0.491349765258216,
          "macro_f1": 0.3823223787167449,
          "per_class_f1": [
            0.676056338028169,
            0.2,
            0.5555555555555556,
            0.48,
            0.0
          ]
        }
      },
      "cosine": {
        "dinov2_90nm": {
          "weighted_f1": 0.5284012045396561,
          "macro_f1": 0.4315237161947397,
          "per_class_f1": [
            0.726027397260274,
            0.38596491228070173,
            0.5591397849462365,
            0.4864864864864865,
            0.0
          ]
        },
        "dinov2_45nm": {
          "weighted_f1": 0.5144466305478168,
          "macro_f1": 0.41200190009115295,
          "per_class_f1": [
            0.7123287671232876,
            0.2909090909090909,
            0.5773195876288659,
            0.4794520547945205,
            0.0
          ]
        },
        "biomedclip_tta": {
          "weighted_f1": 0.491349765258216,
          "macro_f1": 0.3823223787167449,
          "per_class_f1": [
            0.676056338028169,
            0.2,
            0.5555555555555556,
            0.48,
            0.0
          ]
        }
      },
      "weighted_prototypes": {
        "dinov2_90nm": {
          "weighted_f1": 0.4994711137084472,
          "macro_f1": 0.4062456368594437,
          "per_class_f1": [
            0.6906474820143885,
            0.3492063492063492,
            0.5319148936170213,
            0.4594594594594595,
            0.0
          ]
        },
        "dinov2_45nm": {
          "weighted_f1": 0.5146839369550638,
          "macro_f1": 0.40945674044265595,
          "per_class_f1": [
            0.6901408450704225,
            0.2857142857142857,
            0.5714285714285714,
            0.5,
            0.0
          ]
        },
        "biomedclip_tta": {
          "weighted_f1": 0.4826050033259951,
          "macro_f1": 0.3708760185409199,
          "per_class_f1": [
            0.6268656716417911,
            0.1935483870967742,
            0.5274725274725275,
            0.5064935064935064,
            0.0
          ]
        }
      },
      "adapter_sqeuclid": {
        "dinov2_90nm": {
          "weighted_f1": 0.5912918454094924,
          "macro_f1": 0.45821817398287995,
          "per_class_f1": [
            0.8133333333333334,
            0.38095238095238093,
            0.48717948717948717,
            0.6096256684491979,
            0.0
          ]
        },
        "dinov2_45nm": {
          "weighted_f1": 0.6175302709260554,
          "macro_f1": 0.46905725032188733,
          "per_class_f1": [
            0.8435374149659864,
            0.32653061224489793,
            0.5194805194805194,
            0.6557377049180327,
            0.0
          ]
        },
        "biomedclip_tta": {
          "weighted_f1": 0.5849395299254057,
          "macro_f1": 0.4535509359238173,
          "per_class_f1": [
            0.7285714285714285,
            0.3389830508474576,
            0.4594594594594595,
            0.6666666666666666,
            0.07407407407407407
          ]
        }
      },
      "adapter_cosine": {
        "dinov2_90nm": {
          "weighted_f1": 0.5998580538912825,
          "macro_f1": 0.4762416991626212,
          "per_class_f1": [
            0.7919463087248322,
            0.47619047619047616,
            0.4935064935064935,
            0.6195652173913043,
            0.0
          ]
        },
        "dinov2_45nm": {
          "weighted_f1": 0.6201182006763893,
          "macro_f1": 0.4745835663032336,
          "per_class_f1": [
            0.821917808219178,
            0.40816326530612246,
            0.4657534246575342,
            0.6770833333333334,
            0.0
          ]
        },
        "biomedclip_tta": {
          "weighted_f1": 0.5617736270753511,
          "macro_f1": 0.4395165355918532,
          "per_class_f1": [
            0.7586206896551724,
            0.2916666666666667,
            0.5,
            0.5847953216374269,
            0.0625
          ]
        }
      }
    },
    "ensemble": {
      "baseline_sqeuclid": {
        "weighted_f1": 0.5042127330934899,
        "macro_f1": 0.3965763747168514,
        "per_class_f1": [
          0.7034482758620689,
          0.2545454545454545,
          0.5416666666666666,
          0.48322147651006714,
          0.0
        ]
      },
      "cosine": {
        "weighted_f1": 0.5042127330934899,
        "macro_f1": 0.3965763747168514,
        "per_class_f1": [
          0.7034482758620689,
          0.2545454545454545,
          0.5416666666666666,
          0.48322147651006714,
          0.0
        ]
      },
      "weighted_prototypes": {
        "weighted_f1": 0.49905031885245993,
        "macro_f1": 0.388987251099216,
        "per_class_f1": [
          0.6808510638297872,
          0.24561403508771928,
          0.5217391304347826,
          0.49673202614379086,
          0.0
        ]
      },
      "adapter_sqeuclid": {
        "weighted_f1": 0.6506431562152685,
        "macro_f1": 0.5119659525580429,
        "per_class_f1": [
          0.8378378378378378,
          0.4782608695652174,
          0.5526315789473685,
          0.6910994764397905,
          0.0
        ]
      },
      "adapter_cosine": {
        "weighted_f1": 0.6276021116263456,
        "macro_f1": 0.49455346205009876,
        "per_class_f1": [
          0.8187919463087249,
          0.46808510638297873,
          0.5263157894736842,
          0.6595744680851063,
          0.0
        ]
      }
    }
  },
  "elapsed_s": 331.9
}