{
  "method": "mixup_in_embedding_space",
  "person_lopo": true,
  "n_scans": 240,
  "n_persons": 35,
  "champion_v4": {
    "weighted_f1": 0.6887,
    "macro_f1": 0.5541
  },
  "configs": {
    "baseline_no_aug": {
      "minority_cls": [],
      "n_synth_per_class": 0,
      "tiles_per_synth_scan": 0,
      "alpha": 0.2,
      "mode": "interp",
      "extrap_range": [
        -0.3,
        1.3
      ],
      "noise_sigma": 0.0,
      "clf_C": 1.0,
      "ensemble": {
        "weighted_f1": 0.6886816442702501,
        "macro_f1": 0.554087346024636,
        "per_class_f1": [
          0.9166666666666666,
          0.5833333333333334,
          0.5789473684210527,
          0.6914893617021277,
          0.0
        ],
        "confusion_row_SucheOko": 0,
        "support_SucheOko": 14
      },
      "per_component": {
        "dinov2_90nm": {
          "weighted_f1": 0.6162402773650563,
          "macro_f1": 0.4941352279564118,
          "per_class_f1": [
            0.8169014084507042,
            0.5106382978723404,
            0.5194805194805194,
            0.6236559139784946,
            0.0
          ],
          "confusion_row_SucheOko": 0,
          "support_SucheOko": 14
        },
        "dinov2_45nm": {
          "weighted_f1": 0.6543959388869252,
          "macro_f1": 0.5185960881347944,
          "per_class_f1": [
            0.8472222222222222,
            0.5,
            0.5609756097560976,
            0.6847826086956522,
            0.0
          ],
          "confusion_row_SucheOko": 0,
          "support_SucheOko": 14
        },
        "biomedclip_tta_90nm": {
          "weighted_f1": 0.6219786032707835,
          "macro_f1": 0.4914648890950904,
          "per_class_f1": [
            0.8082191780821918,
            0.3673469387755102,
            0.5675675675675675,
            0.655367231638418,
            0.058823529411764705
          ],
          "confusion_row_SucheOko": 1,
          "support_SucheOko": 14
        }
      },
      "elapsed_s": 6.8
    },
    "mixup_interp_n100": {
      "minority_cls": [
        4
      ],
      "n_synth_per_class": 100,
      "tiles_per_synth_scan": 4,
      "alpha": 0.2,
      "mode": "interp",
      "extrap_range": [
        -0.3,
        1.3
      ],
      "noise_sigma": 0.0,
      "clf_C": 1.0,
      "ensemble": {
        "weighted_f1": 0.6838913437472532,
        "macro_f1": 0.5500721711010257,
        "per_class_f1": [
          0.9041095890410958,
          0.5833333333333334,
          0.5714285714285714,
          0.6914893617021277,
          0.0
        ],
        "confusion_row_SucheOko": 0,
        "support_SucheOko": 14
      },
      "per_component": {
        "dinov2_90nm": {
          "weighted_f1": 0.6263902975957216,
          "macro_f1": 0.5016213015884956,
          "per_class_f1": [
            0.8169014084507042,
            0.5106382978723404,
            0.5384615384615384,
            0.6421052631578947,
            0.0
          ],
          "confusion_row_SucheOko": 0,
          "support_SucheOko": 14
        },
        "dinov2_45nm": {
          "weighted_f1": 0.6380674085665794,
          "macro_f1": 0.5017030977008028,
          "per_class_f1": [
            0.8299319727891157,
            0.46808510638297873,
            0.5365853658536586,
            0.6739130434782609,
            0.0
          ],
          "confusion_row_SucheOko": 0,
          "support_SucheOko": 14
        },
        "biomedclip_tta_90nm": {
          "weighted_f1": 0.6058566034254593,
          "macro_f1": 0.4741063521148267,
          "per_class_f1": [
            0.7972972972972973,
            0.3333333333333333,
            0.5333333333333333,
            0.6440677966101694,
            0.0625
          ],
          "confusion_row_SucheOko": 1,
          "support_SucheOko": 14
        }
      },
      "elapsed_s": 8.2
    },
    "mixup_interp_n200": {
      "minority_cls": [
        4
      ],
      "n_synth_per_class": 200,
      "tiles_per_synth_scan": 4,
      "alpha": 0.2,
      "mode": "interp",
      "extrap_range": [
        -0.3,
        1.3
      ],
      "noise_sigma": 0.0,
      "clf_C": 1.0,
      "ensemble": {
        "weighted_f1": 0.6824431186731414,
        "macro_f1": 0.5493404363267377,
        "per_class_f1": [
          0.9041095890410958,
          0.5833333333333334,
          0.5714285714285714,
          0.6878306878306878,
          0.0
        ],
        "confusion_row_SucheOko": 0,
        "support_SucheOko": 14
      },
      "per_component": {
        "dinov2_90nm": {
          "weighted_f1": 0.6261299929996876,
          "macro_f1": 0.49883147389486265,
          "per_class_f1": [
            0.8111888111888111,
            0.5106382978723404,
            0.5194805194805194,
            0.6528497409326425,
            0.0
          ],
          "confusion_row_SucheOko": 0,
          "support_SucheOko": 14
        },
        "dinov2_45nm": {
          "weighted_f1": 0.6380452754773407,
          "macro_f1": 0.501077645228784,
          "per_class_f1": [
            0.8299319727891157,
            0.4583333333333333,
            0.5432098765432098,
            0.6739130434782609,
            0.0
          ],
          "confusion_row_SucheOko": 0,
          "support_SucheOko": 14
        },
        "biomedclip_tta_90nm": {
          "weighted_f1": 0.6040056749907147,
          "macro_f1": 0.47273615389657203,
          "per_class_f1": [
            0.7808219178082192,
            0.32,
            0.5526315789473685,
            0.6477272727272727,
            0.0625
          ],
          "confusion_row_SucheOko": 1,
          "support_SucheOko": 14
        }
      },
      "elapsed_s": 13.8
    },
    "mixup_extrap_n100": {
      "minority_cls": [
        4
      ],
      "n_synth_per_class": 100,
      "tiles_per_synth_scan": 4,
      "alpha": 0.2,
      "mode": "extrap",
      "extrap_range": [
        -0.5,
        1.5
      ],
      "noise_sigma": 0.0,
      "clf_C": 1.0,
      "ensemble": {
        "weighted_f1": 0.6826267816306478,
        "macro_f1": 0.5506953186340761,
        "per_class_f1": [
          0.9103448275862069,
          0.5833333333333334,
          0.5789473684210527,
          0.6808510638297872,
          0.0
        ],
        "confusion_row_SucheOko": 0,
        "support_SucheOko": 14
      },
      "per_component": {
        "dinov2_90nm": {
          "weighted_f1": 0.6179734973820463,
          "macro_f1": 0.4925912745979423,
          "per_class_f1": [
            0.8169014084507042,
            0.5106382978723404,
            0.5,
            0.6354166666666666,
            0.0
          ],
          "confusion_row_SucheOko": 0,
          "support_SucheOko": 14
        },
        "dinov2_45nm": {
          "weighted_f1": 0.6453015012445682,
          "macro_f1": 0.5078474187055407,
          "per_class_f1": [
            0.8356164383561644,
            0.46808510638297873,
            0.5542168674698795,
            0.6813186813186813,
            0.0
          ],
          "confusion_row_SucheOko": 0,
          "support_SucheOko": 14
        },
        "biomedclip_tta_90nm": {
          "weighted_f1": 0.6281399966898434,
          "macro_f1": 0.4952049491755567,
          "per_class_f1": [
            0.8082191780821918,
            0.3673469387755102,
            0.5675675675675675,
            0.6703910614525139,
            0.0625
          ],
          "confusion_row_SucheOko": 1,
          "support_SucheOko": 14
        }
      },
      "elapsed_s": 7.4
    },
    "mixup_extrap_n200_aggr": {
      "minority_cls": [
        4
      ],
      "n_synth_per_class": 200,
      "tiles_per_synth_scan": 4,
      "alpha": 0.2,
      "mode": "extrap",
      "extrap_range": [
        -1.0,
        2.0
      ],
      "noise_sigma": 0.0,
      "clf_C": 1.0,
      "ensemble": {
        "weighted_f1": 0.6840679770643339,
        "macro_f1": 0.5514235015900437,