{
  "device": "mps",
  "epochs": 2,
  "epochs_trained": 2,
  "batch_size": 64,
  "base_lr": 0.00015,
  "mask_ratio": 0.75,
  "n_tiles": 1889,
  "n_scans": 240,
  "n_persons": 35,
  "mae_f1w": 0.5340794652323594,
  "mae_f1m": 0.43702609380925433,
  "rand_f1w": 0.5402506330026402,
  "rand_f1m": 0.44418109131757666,
  "dino_45nm_f1w": 0.6433319122309502,
  "dino_45nm_f1m": 0.5037929966990449,
  "dino_90nm_f1w": 0.6149549918166939,
  "dino_90nm_f1m": 0.49095316031486236,
  "wall_s": 146.19565272331238,
  "history_last5": [
    {
      "epoch": 1,
      "loss": 1.2063623507817587,
      "lr": 8.999999999999999e-05,
      "elapsed_s": 22.185986042022705
    },
    {
      "epoch": 2,
      "loss": 1.0223446428775786,
      "lr": 4.6462895360110614e-06,
      "elapsed_s": 36.20710825920105
    }
  ]
}